<?xml version="1.0" encoding="UTF-8"?>
<beans xmlns="http://www.springframework.org/schema/beans"
    xmlns:xsi="http://www.w3.org/2001/XMLSchema-instance"
    xmlns:context="http://www.springframework.org/schema/context"
    xsi:schemaLocation="http://www.springframework.org/schema/beans
    http://www.springframework.org/schema/beans/spring-beans-3.0.xsd
    http://www.springframework.org/schema/context
    http://www.springframework.org/schema/context/spring-context-3.0.xsd">
    
    
    

 <bean id="dbProperties" class="org.springframework.beans.factory.config.PropertyPlaceholderConfigurer"> 

 <property name="location" value="classpath:db.properties" /> 

 </bean>








    
    <bean id="dataSource" class="org.springframework.jdbc.datasource.DriverManagerDataSource">
    <property name="driverClassName" value="${driver}"/>
    <property name="url" value="${url}"/>
    <property name="username" value="${user}"/>
    <property name="password" value="${password}"/>
</bean>
 <bean id="jdbcTemplate" class="org.springframework.jdbc.core.JdbcTemplate">
        <property name="dataSource" ref="dataSource"/>
    </bean>
    
 <bean id="edao" class="com.cognizant.jdbc.dao.EmployeeDaoImpl">
  <property name="jdbcTemplate" ref="jdbcTemplate"></property> 
 </bean>


    
    
    
    
    
    
    
    
    
    
    
    
    
    
    
    
    
    
    
    
    
    
    
    
    </beans>